{"mean":{"confidence_interval":{"confidence_level":0.95,"lower_bound":-0.03907184311249104,"upper_bound":0.0034456318718350397},"point_estimate":-0.017851126762076563,"standard_error":0.01089812921971029},"median":{"confidence_interval":{"confidence_level":0.95,"lower_bound":-0.042490223847625685,"upper_bound":0.014611349845488064},"point_estimate":-0.012036738575612382,"standard_error":0.01457953436089718}}