{"mean":{"confidence_interval":{"confidence_level":0.95,"lower_bound":30640.60429764203,"upper_bound":31104.26301847273},"point_estimate":30856.87324625433,"standard_error":118.57988518044264},"median":{"confidence_interval":{"confidence_level":0.95,"lower_bound":30477.030170122278,"upper_bound":30576.078866900294},"point_estimate":30557.299544304526,"standard_error":23.069900380546912},"median_abs_dev":{"confidence_interval":{"confidence_level":0.95,"lower_bound":359.96099801712603,"upper_bound":787.0052131181706},"point_estimate":606.2566330805132,"standard_error":121.11597853823804},"slope":{"confidence_interval":{"confidence_level":0.95,"lower_bound":30385.535283329653,"upper_bound":30622.20616903292},"point_estimate":30499.622622799594,"standard_error":60.187262395119795},"std_dev":{"confidence_interval":{"confidence_level":0.95,"lower_bound":785.6773500535172,"upper_bound":1632.7452044466036},"point_estimate":1198.1717178233537,"standard_error":229.50992218970845}}