{"mean":{"confidence_interval":{"confidence_level":0.95,"lower_bound":-0.07034560765971216,"upper_bound":-0.024610685281396077},"point_estimate":-0.04952991539057583,"standard_error":0.01174010001852694},"median":{"confidence_interval":{"confidence_level":0.95,"lower_bound":-0.07106249587040914,"upper_bound":-0.04511884674039479},"point_estimate":-0.05735415094590035,"standard_error":0.0062601056812656404}}