{"mean":{"confidence_interval":{"confidence_level":0.95,"lower_bound":0.017157140702273928,"upper_bound":0.029865741146653076},"point_estimate":0.02329051046186814,"standard_error":0.00324617032987097},"median":{"confidence_interval":{"confidence_level":0.95,"lower_bound":0.01707982846766254,"upper_bound":0.029414693805152048},"point_estimate":0.022140649019329883,"standard_error":0.003118785598779629}}