{"mean":{"confidence_interval":{"confidence_level":0.95,"lower_bound":0.035300318134943595,"upper_bound":0.06817839544722859},"point_estimate":0.049970696184096886,"standard_error":0.008503433737792818},"median":{"confidence_interval":{"confidence_level":0.95,"lower_bound":0.012504799677609979,"upper_bound":0.03214803025179469},"point_estimate":0.022327932501756464,"standard_error":0.00501746020614483}}