{"mean":{"confidence_interval":{"confidence_level":0.95,"lower_bound":15967997.761,"upper_bound":16508342.3413125},"point_estimate":16215688.9275,"standard_error":138009.3953322447},"median":{"confidence_interval":{"confidence_level":0.95,"lower_bound":15654512.0,"upper_bound":15869204.75},"point_estimate":15748879.375,"standard_error":62396.700630907726},"median_abs_dev":{"confidence_interval":{"confidence_level":0.95,"lower_bound":246335.15780730205,"upper_bound":462209.90997288364},"point_estimate":341755.04655763507,"standard_error":56269.2318916573},"slope":null,"std_dev":{"confidence_interval":{"confidence_level":0.95,"lower_bound":775414.5181581574,"upper_bound":1883616.739832059},"point_estimate":1386772.980155759,"standard_error":281564.1800165311}}