{"mean":{"confidence_interval":{"confidence_level":0.95,"lower_bound":-0.0017532471580550127,"upper_bound":0.01709702658734166},"point_estimate":0.006914005490493036,"standard_error":0.004851110993011952},"median":{"confidence_interval":{"confidence_level":0.95,"lower_bound":-0.0016624440493524517,"upper_bound":0.004373408150356584},"point_estimate":0.0008247825281777477,"standard_error":0.0015227682875342547}}