{"mean":{"confidence_interval":{"confidence_level":0.95,"lower_bound":0.03624530124885199,"upper_bound":0.23848903927537948},"point_estimate":0.12939370818640783,"standard_error":0.050915792028174645},"median":{"confidence_interval":{"confidence_level":0.95,"lower_bound":-0.0016165964970039637,"upper_bound":0.04884538154900375},"point_estimate":0.018500535996375245,"standard_error":0.013576330153243622}}