{"mean":{"confidence_interval":{"confidence_level":0.95,"lower_bound":-0.07667863422561075,"upper_bound":-0.036863026667764684},"point_estimate":-0.05454994221166243,"standard_error":0.010249438628049883},"median":{"confidence_interval":{"confidence_level":0.95,"lower_bound":-0.035303477487792834,"upper_bound":-0.015381273848829258},"point_estimate":-0.021079914210909823,"standard_error":0.005416715477642856}}