{"mean":{"confidence_interval":{"confidence_level":0.95,"lower_bound":-0.03217017610020371,"upper_bound":-0.011974383572001866},"point_estimate":-0.022327293598463527,"standard_error":0.005178062143912472},"median":{"confidence_interval":{"confidence_level":0.95,"lower_bound":-0.03663233389100162,"upper_bound":-0.013067409761904902},"point_estimate":-0.023284261861318822,"standard_error":0.005925952951655858}}