{"mean":{"confidence_interval":{"confidence_level":0.95,"lower_bound":-0.012261415056083094,"upper_bound":-0.003129067965347926},"point_estimate":-0.007676838765681371,"standard_error":0.002330302313056274},"median":{"confidence_interval":{"confidence_level":0.95,"lower_bound":-0.009773540770397937,"upper_bound":-0.0027635077046086354},"point_estimate":-0.006518503727500291,"standard_error":0.0017470077212919852}}