{"mean":{"confidence_interval":{"confidence_level":0.95,"lower_bound":-0.27539549076915437,"upper_bound":-0.1977756864554618},"point_estimate":-0.2359452312045155,"standard_error":0.019796741733661014},"median":{"confidence_interval":{"confidence_level":0.95,"lower_bound":-0.2359232453810527,"upper_bound":-0.17864320027617087},"point_estimate":-0.2033995596001691,"standard_error":0.014525284840150754}}