{"mean":{"confidence_interval":{"confidence_level":0.95,"lower_bound":-0.17894512539336346,"upper_bound":-0.047867688495211495},"point_estimate":-0.11050250400620198,"standard_error":0.03374879484131993},"median":{"confidence_interval":{"confidence_level":0.95,"lower_bound":-0.01629909144257624,"upper_bound":-0.005994299112228818},"point_estimate":-0.009828007901628966,"standard_error":0.002732969810690034}}