{"mean":{"confidence_interval":{"confidence_level":0.95,"lower_bound":40939.12362476188,"upper_bound":41179.96812416941},"point_estimate":41054.008004569325,"standard_error":61.31863350075083},"median":{"confidence_interval":{"confidence_level":0.95,"lower_bound":40910.751693766935,"upper_bound":41071.729480934424},"point_estimate":40981.835983187135,"standard_error":38.57731406612887},"median_abs_dev":{"confidence_interval":{"confidence_level":0.95,"lower_bound":329.9178124740459,"upper_bound":532.6475222687648},"point_estimate":398.52223808292064,"standard_error":50.43991196003947},"slope":{"confidence_interval":{"confidence_level":0.95,"lower_bound":40712.32785149614,"upper_bound":40987.63831010818},"point_estimate":40842.0135143589,"standard_error":70.21439839014512},"std_dev":{"confidence_interval":{"confidence_level":0.95,"lower_bound":442.30318711138005,"upper_bound":779.6809611532424},"point_estimate":616.5898481333224,"standard_error":86.65088523519536}}