{"mean":{"confidence_interval":{"confidence_level":0.95,"lower_bound":0.03684675279797989,"upper_bound":0.05364706870425717},"point_estimate":0.04628338113017949,"standard_error":0.004322845650408825},"median":{"confidence_interval":{"confidence_level":0.95,"lower_bound":0.04118749775026376,"upper_bound":0.05138981602285653},"point_estimate":0.044480539987507006,"standard_error":0.002692020018988581}}