{"mean":{"confidence_interval":{"confidence_level":0.95,"lower_bound":273427.6175693679,"upper_bound":275777.0815570771},"point_estimate":274528.4180402965,"standard_error":602.3073032130004},"median":{"confidence_interval":{"confidence_level":0.95,"lower_bound":272494.86141304346,"upper_bound":274239.3175434116},"point_estimate":273302.8009561567,"standard_error":452.720279634443},"median_abs_dev":{"confidence_interval":{"confidence_level":0.95,"lower_bound":2664.166072794881,"upper_bound":4561.8466873299885},"point_estimate":3477.683540573587,"standard_error":461.65055190666016},"slope":{"confidence_interval":{"confidence_level":0.95,"lower_bound":273436.8843454303,"upper_bound":276482.2399173229},"point_estimate":274790.9589803458,"standard_error":780.3279724067639},"std_dev":{"confidence_interval":{"confidence_level":0.95,"lower_bound":3918.8570292711393,"upper_bound":8020.626552249728},"point_estimate":6077.595678375696,"standard_error":1055.0323016740304}}